def_nodeid,def_baseid,def_nodecode,def_nodetype,def_building,def_room,def_latitude,def_longitude,def_status,def_notes
7a59ab4e-d25b-4020-903d-ed3f4ee87302,597f54cb-cb58-4fa0-9625-11b671e6535a,PIT-0021,Pit,,,-14.505581,132.395614,Active,"Easting=219090.97, Northing=8394758.98, PitType=nan"
8cb84bba-7014-4243-bb89-61534f5225e7,597f54cb-cb58-4fa0-9625-11b671e6535a,PIT-0022,Pit,,,-14.504778,132.394683,Active,"Easting=218989.55, Northing=8394846.73, PitType=nan"
e87e701e-b314-42e1-aae9-c7b9c6ecc10d,597f54cb-cb58-4fa0-9625-11b671e6535a,PIT-0023,Pit,,,,,Active,"Easting=nan, Northing=nan, PitType=nan"
b04077aa-b42a-41b9-a1a1-e9cf02263350,597f54cb-cb58-4fa0-9625-11b671e6535a,PIT-0024,Pit,,,-14.504906,132.394561,Active,"Easting=218976.55, Northing=8394832.41, PitType=nan"
3ce4d99e-e162-4925-8d7d-e5186bc478d5,597f54cb-cb58-4fa0-9625-11b671e6535a,PIT-0025,Pit,,,-14.518722,132.383331,Active,"Easting=217782.92, Northing=8393289.13, PitType=nan"
96e9f9a4-206b-4804-93fd-e8d220329bf5,597f54cb-cb58-4fa0-9625-11b671e6535a,PIT-0029,Pit,,,-14.506644,132.395447,Active,"Easting=219074.3, Northing=8394641.1, PitType=nan"
d31e3d49-6580-45e1-84fa-96b1e489dd58,597f54cb-cb58-4fa0-9625-11b671e6535a,PIT-0042,Pit,,,-14.523003,132.399078,Active,"Easting=219486.51, Northing=8392834.62, PitType=nan"
4e01be40-52ad-4c73-8091-171408337db9,597f54cb-cb58-4fa0-9625-11b671e6535a,PIT-0046,Pit,,,-14.508914,132.394242,Active,"Easting=218947.21, Northing=8394388.33, PitType=nan"
0d6414d2-57dd-499e-88c4-e133766209f9,597f54cb-cb58-4fa0-9625-11b671e6535a,PIT-0047,Pit,,,-14.509903,132.393264,Active,"Easting=218842.98, Northing=8394277.64, PitType=nan"
c807d7b4-d72a-4cd1-b703-85315cf6dde5,597f54cb-cb58-4fa0-9625-11b671e6535a,PIT-0049,Pit,,,-14.509675,132.392167,Active,"Easting=218724.39, Northing=8394301.53, PitType=nan"
0d01ba97-e21e-456a-b271-95713eef8564,597f54cb-cb58-4fa0-9625-11b671e6535a,PIT-0051,Pit,,,-14.512092,132.394089,Active,"Easting=218934.72, Northing=8394036.34, PitType=nan"
a1ccc10e-573f-42e4-a7ea-0fd02e4984b3,597f54cb-cb58-4fa0-9625-11b671e6535a,PIT-0053,Pit,,,-14.514786,132.395217,Active,"Easting=219059.77, Northing=8393739.5, PitType=nan"
91cec724-550e-406a-9fe2-bdc1cf2bdb00,597f54cb-cb58-4fa0-9625-11b671e6535a,PIT-0054,Pit,,,-14.515667,132.395675,Active,"Easting=219110.27, Northing=8393642.53, PitType=nan"
f98e28ff-f298-47fc-b1de-1b7c1a698f18,597f54cb-cb58-4fa0-9625-11b671e6535a,PIT-0055,Pit,,,-14.516822,132.396653,Active,"Easting=219217.2, Northing=8393515.88, PitType=nan"
cf734a0c-b255-405a-b599-25d7d4afdefe,597f54cb-cb58-4fa0-9625-11b671e6535a,PIT-0057,Pit,,,-14.517797,132.397644,Active,"Easting=219325.3, Northing=8393409.16, PitType=nan"
8f8e2109-8208-4c88-a705-63ba56850a58,597f54cb-cb58-4fa0-9625-11b671e6535a,PIT-0064,Pit,,,-14.505431,132.395186,Active,"Easting=219044.62, Northing=8394775.06, PitType=nan"
a20d7dfb-f239-4a81-9926-5e2aeb49841f,597f54cb-cb58-4fa0-9625-11b671e6535a,PIT-0070,Pit,,,,,Active,"Easting=nan, Northing=nan, PitType=nan"
41c1f9b0-a95f-4d6d-bf56-02fb22d5e185,597f54cb-cb58-4fa0-9625-11b671e6535a,PIT-0072,Pit,,,-14.532553,132.399186,Active,"Easting=219521.0, Northing=8392698.0, PitType=nan"
2861d1c1-0d0e-4111-ac89-a62c46be060b,597f54cb-cb58-4fa0-9625-11b671e6535a,PIT-0074,Pit,,,-14.524803,132.396089,Active,"Easting=219166.45, Northing=8392631.68, PitType=nan"
c1a44153-2309-470a-9d0d-a5adea095219,597f54cb-cb58-4fa0-9625-11b671e6535a,PIT-0075,Pit,,,-14.524753,132.396683,Active,"Easting=219230.45, Northing=8392637.95, PitType=nan"
857ba0cb-da5d-48c5-8671-d4a812a7bf95,597f54cb-cb58-4fa0-9625-11b671e6535a,PIT-0077,Pit,,,,,Active,"Easting=nan, Northing=nan, PitType=COD"
fa7f97d1-771f-4743-8d69-f55d006d6a37,597f54cb-cb58-4fa0-9625-11b671e6535a,PIT-0078,Pit,,,-14.524417,132.397858,Active,"Easting=219444.58, Northing=9173631.69, PitType=nan"
af6f682e-0620-4e69-b75e-e057a89a7f2d,597f54cb-cb58-4fa0-9625-11b671e6535a,PIT-0079,Pit,,,-14.524642,132.398239,Active,"Easting=219598.09, Northing=8392652.18, PitType=BE (FUTURE)"
8f3879d2-9f12-4ec5-afd6-9b3269219db3,597f54cb-cb58-4fa0-9625-11b671e6535a,PIT-0082,Pit,,,-14.525064,132.398392,Active,"Easting=219502.93, Northing=9173593.22, PitType=nan"
b141fc4d-73b5-4630-9b6c-307459f311c5,597f54cb-cb58-4fa0-9625-11b671e6535a,PIT-0083,Pit,,,-14.525014,132.398467,Active,"Easting=219510.96, Northing=9173596.19, PitType=nan"
8da0e57c-ee5e-4952-9c0a-10a4a87aab96,597f54cb-cb58-4fa0-9625-11b671e6535a,PIT-0085,Pit,,,-14.525631,132.398347,Active,"Easting=219498.85, Northing=9173559.54, PitType=nan"
c0577e5f-e35d-4573-afd7-1f40e008787a,597f54cb-cb58-4fa0-9625-11b671e6535a,PIT-0086,Pit,,,-14.525681,132.397781,Active,"Easting=219437.78, Northing=9173556.57, PitType=nan"
0d5afbb7-3b17-4f90-87d6-682de2c32ca2,597f54cb-cb58-4fa0-9625-11b671e6535a,PIT-0087,Pit,,,-14.526011,132.397658,Active,"Easting=219425.02, Northing=9173536.93, PitType=nan"
aec91623-2eff-44c6-b3d2-99803a2b3fc6,597f54cb-cb58-4fa0-9625-11b671e6535a,PIT-0090,Pit,,,-14.532528,132.399217,Active,"Easting=219601.36, Northing=9173149.6, PitType=nan"
a2b6efca-6f91-4538-993b-b5a309faf5b0,597f54cb-cb58-4fa0-9625-11b671e6535a,PIT-0091,Pit,,,-14.533786,132.402878,Active,"Easting=219997.9, Northing=9173074.79, PitType=nan"
4b4c90a4-082d-4b9e-84ea-f990e2073d85,597f54cb-cb58-4fa0-9625-11b671e6535a,PIT-0092,Pit,,,-14.533778,132.402847,Active,"Easting=219994.59, Northing=9173075.28, PitType=nan"
9383fa1d-6913-4b5d-a80b-ffb739377138,597f54cb-cb58-4fa0-9625-11b671e6535a,PIT-0093,Pit,,,,,Active,"Easting=nan, Northing=nan, PitType=nan"
6dc818f6-dfe9-4b3a-8fc5-b21bde6a745f,597f54cb-cb58-4fa0-9625-11b671e6535a,PIT-0096,Pit,,,-14.527692,132.396806,Active,"Easting=219335.14, Northing=9173437.06, PitType=nan"
71532586-98d1-4a51-aa99-92da75dec3c4,597f54cb-cb58-4fa0-9625-11b671e6535a,PIT-0099,Pit,,,,,Active,"Easting=nan, Northing=nan, PitType=nan"
9159fbfc-b859-420c-9d17-2f51b913b2cd,597f54cb-cb58-4fa0-9625-11b671e6535a,PIT-0100,Pit,,,-14.532978,132.402983,Active,"Easting=220008.26, Northing=9173122.83, PitType=nan"
3eb0ff5e-bfa2-4e82-8243-a94158a1df39,597f54cb-cb58-4fa0-9625-11b671e6535a,PIT-0101,Pit,,,,,Active,"Easting=nan, Northing=nan, PitType=nan"
46995a46-cce9-41e1-be2d-174288a6c142,597f54cb-cb58-4fa0-9625-11b671e6535a,PIT-0106,Pit,,,-14.532544,132.3992,Active,"Easting=219599.58, Northing=9173148.61, PitType=nan"
b7d60562-ab5e-4102-93f7-8230d58768f1,597f54cb-cb58-4fa0-9625-11b671e6535a,PIT-0107,Pit,,,-14.519203,132.381683,Active,"Easting=217692.95, Northing=9173941.68, PitType=nan"
21a1cadf-f667-4a1a-af14-4e5b2cac0954,597f54cb-cb58-4fa0-9625-11b671e6535a,PIT-0108,Pit,,,-14.533067,132.401689,Active,"Easting=219868.73, Northing=9173117.56, PitType=nan"
531d2083-4107-4746-905a-3362cf0f9b1b,597f54cb-cb58-4fa0-9625-11b671e6535a,PIT-0109,Pit,,,-14.532844,132.402528,Active,"Easting=219958.95, Northing=9173130.76, PitType=nan"
44508568-2c04-48a6-8752-7b2a2e2f6ae0,597f54cb-cb58-4fa0-9625-11b671e6535a,PIT-0622,Pit,,,-14.520081,132.399794,Active,"Easting=219647.98, Northing=9173889.37, PitType=nan"
e90de636-c232-49b5-92a1-5d7520f91619,597f54cb-cb58-4fa0-9625-11b671e6535a,PIT-0642,Pit,,,-14.509975,132.393569,Active,"Easting=218963.63, Northing=9174489.96, PitType=nan"
172c3249-a0ac-42ee-8951-ecfb46e277f1,597f54cb-cb58-4fa0-9625-11b671e6535a,PIT-0643,Pit,,,-14.511025,132.393233,Active,"Easting=218928.7, Northing=9174427.56, PitType=nan"
7ddeeea1-9759-45ce-98b2-cc662c3f32be,597f54cb-cb58-4fa0-9625-11b671e6535a,PIT-0644,Pit,,,-14.513256,132.3947,Active,"Easting=219089.75, Northing=9174295.0, PitType=nan"
4b9b6644-6226-4eaf-943c-54c1ef672447,597f54cb-cb58-4fa0-9625-11b671e6535a,PIT-0659,Pit,,,-14.525181,132.393219,Active,"Easting=218945.09, Northing=9173586.33, PitType=nan"
295fe379-f9c5-418c-87c6-c12eef26b64a,597f54cb-cb58-4fa0-9625-11b671e6535a,PIT-0661,Pit,,,-14.523325,132.393233,Active,"Easting=218944.24, Northing=9173696.6, PitType=nan"
76ca1756-dd57-4358-9988-117bce0377a3,597f54cb-cb58-4fa0-9625-11b671e6535a,PIT-0662,Pit,,,-14.523208,132.391358,Active,"Easting=218741.81, Northing=9173703.55, PitType=nan"
15c26042-7043-4968-814a-ff43115a1b3c,597f54cb-cb58-4fa0-9625-11b671e6535a,PIT-0664,Pit,,,-14.5232,132.391419,Active,"Easting=218748.4, Northing=9173704.05, PitType=YES"
d58749b9-a9ed-4ce3-912b-7c898466e059,597f54cb-cb58-4fa0-9625-11b671e6535a,PIT-0667,Pit,,,-14.529883,132.389603,Active,"Easting=218560.87, Northing=9173306.85, PitType=nan"
fc97c300-cd7f-410f-bbbb-9bb9498cc497,597f54cb-cb58-4fa0-9625-11b671e6535a,PIT-0668,Pit,,,,,Active,"Easting=nan, Northing=nan, PitType=nan"
1f6e26c2-65bb-4056-8bf9-19cda77ad194,597f54cb-cb58-4fa0-9625-11b671e6535a,PIT-0669,Pit,,,,,Active,"Easting=nan, Northing=nan, PitType=nan"
7ad653cc-81e8-4c77-8c69-5eb6a3157495,597f54cb-cb58-4fa0-9625-11b671e6535a,PIT-0670,Pit,,,,,Active,"Easting=nan, Northing=nan, PitType=nan"
534d75dd-0ee5-4c48-a0cc-f7fbf7c219d9,597f54cb-cb58-4fa0-9625-11b671e6535a,PIT-0696,Pit,,,-14.518992,132.383194,Active,"Easting=217855.71, Northing=9173954.21, PitType=nan"
230dbeb6-1152-4aba-9b1a-1dc2958d71d2,597f54cb-cb58-4fa0-9625-11b671e6535a,PIT-0699,Pit,,,,,Active,"Easting=nan, Northing=nan, PitType=nan"
6fd0d0fd-6c56-4230-aeaa-6b9ed9ac5047,597f54cb-cb58-4fa0-9625-11b671e6535a,PIT-0725,Pit,,,,,Active,"Easting=nan, Northing=nan, PitType=nan"
268606a6-d7ce-4d32-9241-e9b9f9235fa5,597f54cb-cb58-4fa0-9625-11b671e6535a,PIT-0729,Pit,,,-14.519256,132.382889,Active,"Easting=217823.08, Northing=9173938.53, PitType=nan"
ee9abf6b-68a4-47ec-a00e-c745de50eaea,597f54cb-cb58-4fa0-9625-11b671e6535a,PIT-0730,Pit,,,,,Active,"Easting=nan, Northing=nan, PitType=nan"
45c5c90e-4e1a-4a48-8434-04fb39d81d3e,597f54cb-cb58-4fa0-9625-11b671e6535a,PIT-0736,Pit,,,-14.507428,132.395036,Active,"Easting=219118.66, Northing=9174641.31, PitType=nan"
083d1d01-d42d-474a-8140-02fd536be6e1,597f54cb-cb58-4fa0-9625-11b671e6535a,PIT-0755,Pit,,,-14.524497,132.3938,Active,"Easting=219006.86, Northing=9173626.93, PitType=nan"
2881b668-eb18-49d6-aff5-f81e9e54e421,597f54cb-cb58-4fa0-9625-11b671e6535a,PIT-0797,Pit,,,-14.5108,132.393494,Active,"Easting=218956.58, Northing=9174440.93, PitType=nan"
29adae2a-e324-4cfd-aab9-d0ade2ef51ec,597f54cb-cb58-4fa0-9625-11b671e6535a,PIT-0839,Pit,,,-14.510411,132.392822,Active,"Easting=218883.57, Northing=9174464.05, PitType=nan"
86b77e37-a2ac-4096-92eb-cafa5a06d983,597f54cb-cb58-4fa0-9625-11b671e6535a,PIT-0852,Pit,,,-14.524608,132.398742,Active,"Easting=219540.12, Northing=9173620.29, PitType=nan"
c656a624-560e-4c83-8b8b-31f96ffc0e8d,597f54cb-cb58-4fa0-9625-11b671e6535a,PIT-0857,Pit,,,-14.524617,132.398758,Active,"Easting=219541.93, Northing=9173619.8, PitType=nan"
7ca49282-debb-4b22-ac87-035826ff2e7e,597f54cb-cb58-4fa0-9625-11b671e6535a,PIT-0864,Pit,,,-14.530881,132.397461,Active,"Easting=219409.89, Northing=9173247.52, PitType=nan"
676e4614-f845-4d06-ac90-83ebc6e2f66f,597f54cb-cb58-4fa0-9625-11b671e6535a,PIT-0865,Pit,,,-14.531525,132.398072,Active,"Easting=219476.63, Northing=9173209.21, PitType=nan"
9aa01b2c-41f7-4f2c-8aa4-461fcd95f4f1,597f54cb-cb58-4fa0-9625-11b671e6535a,PIT-0866,Pit,,,-14.526025,132.390611,Active,"Easting=218664.77, Northing=9173536.16, PitType=nan"
0403e764-a865-422b-b703-5101c2e4b5e8,597f54cb-cb58-4fa0-9625-11b671e6535a,PIT-0877,Pit,,,-14.517881,132.384339,Active,"Easting=217977.77, Northing=9174020.23, PitType=nan"
0297e31c-9ffb-4243-80c6-209f77fb67eb,597f54cb-cb58-4fa0-9625-11b671e6535a,PIT-0878,Pit,,,-14.518322,132.383775,Active,"Easting=217917.5, Northing=9173993.99, PitType=nan"
9abd9803-3983-493a-ab40-0465711319ea,597f54cb-cb58-4fa0-9625-11b671e6535a,PIT-0879,Pit,,,-14.518711,132.383317,Active,"Easting=217868.54, Northing=9173970.88, PitType=nan"
ab84af0c-ed8d-40df-b740-4381216c221e,597f54cb-cb58-4fa0-9625-11b671e6535a,PIT-0880,Pit,,,-14.519211,132.382903,Active,"Easting=217824.52, Northing=9173941.17, PitType=nan"
3c1c58b6-e919-4613-bd4a-d9acd13c5619,597f54cb-cb58-4fa0-9625-11b671e6535a,PIT-0881,Pit,,,,,Active,"Easting=nan, Northing=nan, PitType=nan"
5dcd08d9-d163-487e-9ba3-043bccf0937c,597f54cb-cb58-4fa0-9625-11b671e6535a,PIT-0911,Pit,,,-14.52455,132.393233,Active,"Easting=218945.79, Northing=9173623.8, PitType=YES"
9b91bcc3-baa9-4bde-a660-166febcb5438,597f54cb-cb58-4fa0-9625-11b671e6535a,PIT-0914,Pit,,,-14.526794,132.393356,Active,"Easting=218961.82, Northing=9173490.41, PitType=nan"
f7e64cdc-aa71-4e69-91d7-1802fa175984,597f54cb-cb58-4fa0-9625-11b671e6535a,PIT-0913,Pit,,,,,Active,"Easting=nan, Northing=nan, PitType=nan"
cc6c5243-107f-46a1-bb35-a4dc5f1ac15e,597f54cb-cb58-4fa0-9625-11b671e6535a,PIT-0915,Pit,,,-14.522842,132.390075,Active,"Easting=218602.9, Northing=9173725.35, PitType=nan"
1f331808-2f43-4a12-8c66-6f1b0db60f21,597f54cb-cb58-4fa0-9625-11b671e6535a,PIT-0916,Pit,,,-14.524581,132.391525,Active,"Easting=218761.53, Northing=9173622.0, PitType=nan"
0df53cc1-df96-4707-9da1-403d43a082c2,597f54cb-cb58-4fa0-9625-11b671e6535a,PIT-0919,Pit,,,-14.525875,132.389389,Active,"Easting=218532.72, Northing=9173545.08, PitType=nan"
787a5519-df78-4254-b242-2e740271f816,597f54cb-cb58-4fa0-9625-11b671e6535a,PIT-0920,Pit,,,-14.525853,132.389542,Active,"Easting=218549.17, Northing=9173546.4, PitType=nan"
4f751609-eb71-42e4-8532-480276f78152,597f54cb-cb58-4fa0-9625-11b671e6535a,PIT-0921,Pit,,,-14.527561,132.390183,Active,"Easting=218620.56, Northing=9173444.87, PitType=nan"
8e95b356-fbf7-4378-9446-a853b020df91,597f54cb-cb58-4fa0-9625-11b671e6535a,PIT-0922,Pit,,,-14.528467,132.3891,Active,"Easting=218504.84, Northing=9173391.05, PitType=nan"
7fdfbbd4-8022-475b-8a5a-341be07827a7,597f54cb-cb58-4fa0-9625-11b671e6535a,PIT-0923,Pit,,,-14.528825,132.391783,Active,"Easting=218794.77, Northing=9173369.74, PitType=nan"
33b023e2-2d89-4afd-9e3c-98ba76c45dd2,597f54cb-cb58-4fa0-9625-11b671e6535a,PIT-0924,Pit,,,-14.529906,132.389694,Active,"Easting=218570.79, Northing=9173305.53, PitType=nan"
ad9bdfce-9117-4047-915c-87280043c1d6,597f54cb-cb58-4fa0-9625-11b671e6535a,PIT-0926,Pit,,,-14.531281,132.391694,Active,"Easting=218788.29, Northing=9173223.79, PitType=nan"
57bcb612-2aec-45bf-a0b7-dc29e60f4e22,597f54cb-cb58-4fa0-9625-11b671e6535a,PIT-0927,Pit,,,-14.530644,132.393356,Active,"Easting=218966.69, Northing=9173261.59, PitType=nan"
b04e5029-ab66-415e-bb26-3236b535f2d4,597f54cb-cb58-4fa0-9625-11b671e6535a,PIT-0928,Pit,,,-14.528444,132.393586,Active,"Easting=218988.77, Northing=9173392.34, PitType=nan"
132631f8-1e5b-4d05-9879-f83b46d629dd,597f54cb-cb58-4fa0-9625-11b671e6535a,PIT-0949,Pit,,,-14.531975,132.398575,Active,"Easting=219531.44, Northing=9173182.46, PitType=nan"
4ca1e743-68b5-4ef2-921c-4d18b749d652,597f54cb-cb58-4fa0-9625-11b671e6535a,PIT-0950,Pit,,,-14.533061,132.400817,Active,"Easting=219774.63, Northing=9173117.89, PitType=nan"
78f1ad25-8103-4122-9900-dfbeb1354bad,597f54cb-cb58-4fa0-9625-11b671e6535a,PIT-0988,Pit,,,-14.520672,132.394378,Active,"Easting=219064.36, Northing=9173854.25, PitType=nan"
4eafdba4-9224-4037-b686-c26e4597a582,597f54cb-cb58-4fa0-9625-11b671e6535a,PIT-0995,Pit,,,-14.520894,132.392625,Active,"Easting=218875.54, Northing=9173841.06, PitType=nan"
460b8948-fdf8-4f75-9040-49d088386116,597f54cb-cb58-4fa0-9625-11b671e6535a,PIT-0996,Pit,,,-14.520942,132.392594,Active,"Easting=218872.3, Northing=9173838.25, PitType=nan"
e68e5bc1-46e1-4977-88d2-b6ce444091d3,597f54cb-cb58-4fa0-9625-11b671e6535a,PIT-1000,Pit,,,-14.522403,132.397264,Active,"Easting=219377.91, Northing=9173751.38, PitType=nan"
6e6ce911-640f-4ee7-8132-0c00e3548975,597f54cb-cb58-4fa0-9625-11b671e6535a,PIT-1016,Pit,,,-14.524575,132.399064,Active,"Easting=219574.84, Northing=9173622.27, PitType=nan"
157f017c-2117-435b-8e9c-9d69b7b673a7,597f54cb-cb58-4fa0-9625-11b671e6535a,PIT-1017,Pit,,,-14.524633,132.398453,Active,"Easting=219508.98, Northing=9173618.81, PitType=nan"
0ed343e4-5624-477b-8217-a0e7d5be82b8,597f54cb-cb58-4fa0-9625-11b671e6535a,PIT-1018,Pit,,,-14.525072,132.398497,Active,"Easting=219514.33, Northing=9173592.72, PitType=nan"
8618c85b-e4bf-424f-a01b-31560c000b25,597f54cb-cb58-4fa0-9625-11b671e6535a,PIT-1019,Pit,,,-14.525689,132.398422,Active,"Easting=219507.02, Northing=9173556.07, PitType=nan"
d54f5039-30df-4ffd-911b-a987c2e2c24b,597f54cb-cb58-4fa0-9625-11b671e6535a,PIT-1027,Pit,,,-14.519233,132.382631,Active,"Easting=217795.18, Northing=9173939.85, PitType=nan"
154b238f-136a-424b-9764-04534d5d1739,597f54cb-cb58-4fa0-9625-11b671e6535a,PIT-1028,Pit,,,,,Active,"Easting=nan, Northing=nan, PitType=nan"
296df324-2f95-49a4-84e2-63a8111d9411,597f54cb-cb58-4fa0-9625-11b671e6535a,PIT-1029,Pit,,,-14.519214,132.382981,Active,"Easting=217832.92, Northing=9173941.01, PitType=nan"
62d72fe5-4c57-4cbe-968a-8479764a93a0,597f54cb-cb58-4fa0-9625-11b671e6535a,PIT-1030,Pit,,,,,Active,"Easting=nan, Northing=nan, PitType=nan"
c2bd0e01-57cf-40c0-bf08-cb1990dc366a,597f54cb-cb58-4fa0-9625-11b671e6535a,PIT-1031,Pit,,,-14.518061,132.384108,Active,"Easting=217953.13, Northing=9174009.5, PitType=nan"
d9eaa912-071e-4919-b4ae-5635009a3085,597f54cb-cb58-4fa0-9625-11b671e6535a,PIT-1032,Pit,,,-14.517675,132.38475,Active,"Easting=218021.86, Northing=9174032.45, PitType=nan"
982974ce-121c-4c49-a3b1-a1fc76bf93fa,597f54cb-cb58-4fa0-9625-11b671e6535a,PIT-1034,Pit,,,-14.517897,132.386094,Active,"Easting=218167.19, Northing=9174019.23, PitType=nan"
02af7f12-f3cb-49d4-8156-71ee635ffa94,597f54cb-cb58-4fa0-9625-11b671e6535a,PIT-1035,Pit,,,-14.517858,132.386336,Active,"Easting=218193.22, Northing=9174021.54, PitType=nan"
ea02f0b6-3d5d-43ea-b289-d3aca192919e,597f54cb-cb58-4fa0-9625-11b671e6535a,PIT-1036,Pit,,,-14.517839,132.3871,Active,"Easting=218275.61, Northing=9174022.69, PitType=nan"
c70f938d-ffc2-406e-b522-61ee29de1045,597f54cb-cb58-4fa0-9625-11b671e6535a,PIT-1037,Pit,,,-14.517928,132.388,Active,"Easting=218372.82, Northing=9174017.4, PitType=nan"
cb265c42-0994-4057-b27a-7b59ffe22528,597f54cb-cb58-4fa0-9625-11b671e6535a,PIT-1038,Pit,,,-14.518,132.388794,Active,"Easting=218458.62, Northing=9174013.1, PitType=nan"
e6b8f2fd-1f42-4e80-9e58-e5af28623283,597f54cb-cb58-4fa0-9625-11b671e6535a,PIT-1039,Pit,,,-14.518025,132.389222,Active,"Easting=218504.8, Northing=9174011.61, PitType=nan"
752fd081-437d-4e74-96be-487435066018,597f54cb-cb58-4fa0-9625-11b671e6535a,PIT-1040,Pit,,,-14.518164,132.390244,Active,"Easting=218615.26, Northing=9174003.35, PitType=nan"
b202aac1-8c67-4bce-8bb8-bbf5f09e98f3,597f54cb-cb58-4fa0-9625-11b671e6535a,PIT-1041,Pit,,,-14.518672,132.390931,Active,"Easting=218689.92, Northing=9173973.13, PitType=nan"
8505645d-2ec9-41a6-bb05-facd76888ed7,597f54cb-cb58-4fa0-9625-11b671e6535a,PIT-1042,Pit,,,-14.518917,132.391006,Active,"Easting=218698.32, Northing=9173958.61, PitType=nan"
4d0fda04-8245-4ad4-9360-476c26b4f66d,597f54cb-cb58-4fa0-9625-11b671e6535a,PIT-1043,Pit,,,-14.519322,132.392028,Active,"Easting=218809.12, Northing=9173934.5, PitType=nan"
8f2621a7-20de-4ada-b2d3-9a6794e980c5,597f54cb-cb58-4fa0-9625-11b671e6535a,PIT-1044,Pit,,,-14.521725,132.396119,Active,"Easting=219253.58, Northing=9173791.67, PitType=nan"
21c2eeee-c9b0-40f3-a05a-3be9f67e1dbe,597f54cb-cb58-4fa0-9625-11b671e6535a,PIT-1045,Pit,,,,,Active,"Easting=nan, Northing=nan, PitType=nan"
8a4f8a03-e0d6-41bb-a23d-e75607c9fb4b,597f54cb-cb58-4fa0-9625-11b671e6535a,PIT-1046,Pit,,,,,Active,"Easting=nan, Northing=nan, PitType=nan"
f2e43b0f-3bbe-4553-a9f1-5a2bc3dcbd93,597f54cb-cb58-4fa0-9625-11b671e6535a,PIT-1047,Pit,,,,,Active,"Easting=nan, Northing=nan, PitType=nan"
4e8f6734-684a-4d60-9d30-acc3ff564a0c,597f54cb-cb58-4fa0-9625-11b671e6535a,PIT-1048,Pit,,,,,Active,"Easting=nan, Northing=nan, PitType=nan"
822e589f-3380-4af8-a397-2c48409c5c46,597f54cb-cb58-4fa0-9625-11b671e6535a,PIT-1049,Pit,,,,,Active,"Easting=nan, Northing=nan, PitType=nan"
55d7047d-b4ca-4a1c-a8bd-41a66f05f542,597f54cb-cb58-4fa0-9625-11b671e6535a,PIT-1050,Pit,,,-14.519925,132.393081,Active,"Easting=218923.46, Northing=9173898.67, PitType=nan"
2afc159c-c39d-4d5a-89d9-d23271219359,597f54cb-cb58-4fa0-9625-11b671e6535a,PIT-1051,Pit,,,,,Active,"Easting=nan, Northing=nan, PitType=nan"
0aac8272-a0a4-4c8a-915b-87582da35c3d,597f54cb-cb58-4fa0-9625-11b671e6535a,PIT-1052,Pit,,,,,Active,"Easting=nan, Northing=nan, PitType=nan"
e16a1454-483f-4cd0-9daa-7bcb727e5a43,597f54cb-cb58-4fa0-9625-11b671e6535a,PIT-1053,Pit,,,,,Active,"Easting=nan, Northing=nan, PitType=nan"
04d719da-adaf-4dba-9fab-a4c1e2eb08f2,597f54cb-cb58-4fa0-9625-11b671e6535a,PIT-1054,Pit,,,,,Active,"Easting=nan, Northing=nan, PitType=nan"
26e4b198-7ca4-4976-8a90-af206d54efad,597f54cb-cb58-4fa0-9625-11b671e6535a,PIT-1055,Pit,,,-14.51925,132.3824,Active,"Easting=217770.33, Northing=9173938.86, PitType=nan"
2e228317-67f4-4ee2-8ae7-4e028f7dce2b,597f54cb-cb58-4fa0-9625-11b671e6535a,PIT-1056,Pit,,,-14.520556,132.394119,Active,"Easting=219036.34, Northing=9173861.19, PitType=nan"
09ceaae8-7d85-44cf-8ee7-77294d12a9ea,597f54cb-cb58-4fa0-9625-11b671e6535a,PIT-1058,Pit,,,-14.522711,132.399278,Active,"Easting=219595.56, Northing=9173733.04, PitType=nan"
f6206c95-ec69-4aa2-b747-ac2011c5c387,597f54cb-cb58-4fa0-9625-11b671e6535a,PIT-1059,Pit,,,-14.522983,132.399078,Active,"Easting=219574.33, Northing=9173716.86, PitType=nan"
b1cbb276-60ba-49d1-9222-8639bdde2ff5,597f54cb-cb58-4fa0-9625-11b671e6535a,PIT-1229,Pit,,,-14.525356,132.397383,Active,"Easting=219394.52, Northing=9173575.89, PitType=nan"
e4d93ac0-2a0d-4c76-9e46-43658ba529d7,597f54cb-cb58-4fa0-9625-11b671e6535a,PIT-1231,Pit,,,,,Active,"Easting=nan, Northing=nan, PitType=nan"
5eae3626-cd91-45eb-84a2-a1bec786be63,597f54cb-cb58-4fa0-9625-11b671e6535a,PIT-1246,Pit,,,-14.528472,132.397536,Active,"Easting=219414.94, Northing=9173390.66, PitType=nan"
b1685e2e-2f47-4337-acba-5354b77b88c6,597f54cb-cb58-4fa0-9625-11b671e6535a,PIT-1250,Pit,,,-14.529053,132.395722,Active,"Easting=219219.99, Northing=9173356.17, PitType=nan"
190d0fb7-ddbf-42ac-8c2a-16fd8c3068cf,597f54cb-cb58-4fa0-9625-11b671e6535a,PIT-1251,Pit,,,-14.529628,132.395736,Active,"Easting=219222.21, Northing=9173321.99, PitType=nan"
64f60d3f-0ac6-4ca4-815c-d23ccacca4de,597f54cb-cb58-4fa0-9625-11b671e6535a,PIT-1252,Pit,,,-14.529483,132.394883,Active,"Easting=219130.03, Northing=9173330.58, PitType=nan"
d25234ae-6130-407b-880d-681dc3524d69,597f54cb-cb58-4fa0-9625-11b671e6535a,PIT-1255,Pit,,,-14.528011,132.396317,Active,"Easting=219282.8, Northing=9173418.07, PitType=nan"
f93335a8-4de5-4afa-9ab6-4be739ad95a1,597f54cb-cb58-4fa0-9625-11b671e6535a,PIT-1286,Pit,,,-14.530419,132.396989,Active,"Easting=219358.36, Northing=9173274.93, PitType=nan"
1c5c5069-2df1-4483-ade8-63c16f290f27,597f54cb-cb58-4fa0-9625-11b671e6535a,PIT-1287,Pit,,,-14.530722,132.397278,Active,"Easting=219389.91, Northing=9173256.93, PitType=nan"
6be1c476-568a-4b09-9eb3-360636f1c42b,597f54cb-cb58-4fa0-9625-11b671e6535a,PIT-1288,Pit,,,,,Active,"Easting=nan, Northing=nan, PitType=nan"
2f29dca5-7af4-4c7a-913d-cf498c3cbdeb,597f54cb-cb58-4fa0-9625-11b671e6535a,PIT-1289,Pit,,,,,Active,"Easting=nan, Northing=nan, PitType=nan"
05da47ac-18ac-4754-9924-52d8251c95e0,597f54cb-cb58-4fa0-9625-11b671e6535a,PIT-1311,Pit,,,-14.528192,132.397719,Active,"Easting=219434.36, Northing=9173407.33, PitType=nan"
7c7c4821-6d88-452b-b07b-9897d017ffb7,597f54cb-cb58-4fa0-9625-11b671e6535a,PIT-1313,Pit,,,-14.528025,132.397353,Active,"Easting=219394.6, Northing=9173417.24, PitType=nan"
9c5ba8f1-1e72-4f18-91cb-f70b0067e85f,597f54cb-cb58-4fa0-9625-11b671e6535a,PIT-1314,Pit,,,-14.527714,132.397247,Active,"Easting=219382.82, Northing=9173435.73, PitType=nan"
9e526644-5239-49c2-a554-c81a5164d824,597f54cb-cb58-4fa0-9625-11b671e6535a,PIT-1316,Pit,,,-14.527217,132.397264,Active,"Easting=219383.99, Northing=9173465.28, PitType=nan"
ff4e84fd-8cd9-411d-a7f1-921681bcbe57,597f54cb-cb58-4fa0-9625-11b671e6535a,PIT-1317,Pit,,,-14.526978,132.397339,Active,"Easting=219391.77, Northing=9173479.48, PitType=nan"
2e092991-99de-4735-a39d-47ab0cacc4f3,597f54cb-cb58-4fa0-9625-11b671e6535a,PIT-1318,Pit,,,,,Active,"Easting=nan, Northing=nan, PitType=nan"
17782344-7ba4-4a25-82b9-a9be46d249c2,597f54cb-cb58-4fa0-9625-11b671e6535a,PIT-1319,Pit,,,-14.528306,132.398317,Active,"Easting=219498.93, Northing=9173400.56, PitType=nan"
5bdcc526-f959-4d91-a448-921af0b7139b,597f54cb-cb58-4fa0-9625-11b671e6535a,PIT-1320,Pit,,,-14.527269,132.397475,Active,"Easting=219406.83, Northing=9173462.14, PitType=nan"
0cab491e-c659-4551-a84d-44bb97de9fb6,597f54cb-cb58-4fa0-9625-11b671e6535a,PIT-1336,Pit,,,-14.525461,132.399125,Active,"Easting=219582.55, Northing=9173569.61, PitType=nan"
2543411c-113c-470d-9fa2-8de663af989b,597f54cb-cb58-4fa0-9625-11b671e6535a,PIT-1354,Pit,,,-14.529717,132.396119,Active,"Easting=219263.68, Northing=9173316.71, PitType=nan"
60f2dc43-8b25-444f-9f16-d3046907ef92,597f54cb-cb58-4fa0-9625-11b671e6535a,PIT-1414,Pit,,,-14.509594,132.392717,Active,"Easting=218871.15, Northing=9174512.58, PitType=nan"
563292a6-4377-46e7-a267-376f7ffde649,597f54cb-cb58-4fa0-9625-11b671e6535a,PIT-1473,Pit,,,-14.510014,132.391769,Active,"Easting=218769.48, Northing=9174487.66, PitType=nan"
ac71e15d-e88d-45b3-88fb-dda19b510ea2,597f54cb-cb58-4fa0-9625-11b671e6535a,PIT-1502,Pit,,,-14.510119,132.391647,Active,"Easting=218756.43, Northing=9174481.39, PitType=nan"
fd4bde44-8bfe-4101-b02b-937e6d1452b7,597f54cb-cb58-4fa0-9625-11b671e6535a,PIT-1503,Pit,,,-14.509472,132.391603,Active,"Easting=218750.81, Northing=9174519.85, PitType=nan"
79b73f31-dd7b-49bb-be90-cb7bd1788ff3,597f54cb-cb58-4fa0-9625-11b671e6535a,PIT-1505,Pit,,,-14.509083,132.391739,Active,"Easting=218765.01, Northing=9174542.96, PitType=nan"
101287d0-0e3b-4095-8c46-de41dc9a0b63,597f54cb-cb58-4fa0-9625-11b671e6535a,PIT-1506,Pit,,,-14.509106,132.392456,Active,"Easting=218842.36, Northing=9174541.63, PitType=nan"
c1e1d392-b477-46a6-a13b-a6480c4340da,597f54cb-cb58-4fa0-9625-11b671e6535a,PIT-1507,Pit,,,-14.509308,132.392503,Active,"Easting=218847.71, Northing=9174529.58, PitType=nan"
23de4024-a85c-4621-9bdf-94fd6e2b7f6b,597f54cb-cb58-4fa0-9625-11b671e6535a,PIT-1508,Pit,,,-14.509125,132.393936,Active,"Easting=219002.12, Northing=9174540.46, PitType=nan"
8414efc4-fc55-481e-8478-3d09e8a8c7f4,597f54cb-cb58-4fa0-9625-11b671e6535a,PIT-1548,Pit,,,-14.520328,132.400558,Active,"Easting=219730.71, Northing=9173874.67, PitType=nan"
cd0df636-5299-4c5f-bef6-8981678e6905,597f54cb-cb58-4fa0-9625-11b671e6535a,PIT-1550,Pit,,,-14.520361,132.400436,Active,"Easting=219717.56, Northing=9173872.69, PitType=nan"
c38578e1-5553-4277-b822-a7693c762d9e,597f54cb-cb58-4fa0-9625-11b671e6535a,PIT-1551,Pit,,,-14.52055,132.400253,Active,"Easting=219698.02, Northing=9173861.47, PitType=nan"
27d944d5-498c-4c44-afb6-a776b1a7aac9,597f54cb-cb58-4fa0-9625-11b671e6535a,PIT-1552,Pit,,,-14.520658,132.400056,Active,"Easting=219676.88, Northing=9173855.03, PitType=nan"
777c9a3f-6bf1-4add-87fa-1f1e3231a238,597f54cb-cb58-4fa0-9625-11b671e6535a,PIT-1553,Pit,,,-14.522219,132.400283,Active,"Easting=219703.42, Northing=9173762.25, PitType=nan"
ac52d00d-b9f3-45cd-ad82-a0aad5270b65,597f54cb-cb58-4fa0-9625-11b671e6535a,PIT-1555,Pit,,,-14.523181,132.399903,Active,"Easting=219663.58, Northing=9173705.14, PitType=nan"
7cd17c67-11d0-40c4-904d-d55515093199,597f54cb-cb58-4fa0-9625-11b671e6535a,PIT-1556,Pit,,,-14.523247,132.399719,Active,"Easting=219643.89, Northing=9173701.18, PitType=nan"
cba91fcf-ae9f-4769-9858-20e3fa0f1b80,597f54cb-cb58-4fa0-9625-11b671e6535a,PIT-1557,Pit,,,-14.522847,132.399033,Active,"Easting=219569.36, Northing=9173724.95, PitType=nan"
73e44faa-4bc1-45d7-8123-66ce0495a63d,597f54cb-cb58-4fa0-9625-11b671e6535a,PIT-1588,Pit,,,-14.526389,132.390853,Active,"Easting=218691.3, Northing=9173514.53, PitType=nan"
2108e9b7-1ea9-4d0c-9ee9-f8042034452c,597f54cb-cb58-4fa0-9625-11b671e6535a,PIT-1589,Pit,,,-14.527086,132.391358,Active,"Easting=218746.72, Northing=9173473.09, PitType=nan"
0e2d552a-a6f1-4e5e-bff3-d49a18060f6c,597f54cb-cb58-4fa0-9625-11b671e6535a,PIT-1590,Pit,,,-14.527486,132.391297,Active,"Easting=218740.63, Northing=9173449.31, PitType=nan"
0e49b3a2-0f73-43bf-9edd-e4c74ffd2515,597f54cb-cb58-4fa0-9625-11b671e6535a,PIT-1591,Pit,,,-14.527922,132.391175,Active,"Easting=218728.0, Northing=9173423.4, PitType=nan"
bcc0a6f3-078d-407e-a026-0f330bf53010,597f54cb-cb58-4fa0-9625-11b671e6535a,PIT-1592,Pit,,,-14.529006,132.391678,Active,"Easting=218783.61, Northing=9173359.01, PitType=nan"
b9d855c6-5551-415e-a238-dd16b3526b0b,597f54cb-cb58-4fa0-9625-11b671e6535a,PIT-1593,Pit,,,-14.523703,132.390975,Active,"Easting=218701.08, Northing=9173674.17, PitType=nan"
dc5c8ea8-c375-4033-8dd3-47b2cc8e0164,597f54cb-cb58-4fa0-9625-11b671e6535a,PIT-1594,Pit,,,-14.524461,132.390686,Active,"Easting=218670.88, Northing=9173629.1, PitType=nan"
5f78f132-0ed9-4f3b-8453-7c8228ffb6e1,597f54cb-cb58-4fa0-9625-11b671e6535a,PIT-1595,Pit,,,-14.524875,132.390992,Active,"Easting=218704.37, Northing=9173604.5, PitType=nan"
bf11d5ce-2794-4bd3-8762-8275b9df9fc3,597f54cb-cb58-4fa0-9625-11b671e6535a,PIT-1596,Pit,,,-14.525706,132.390686,Active,"Easting=218672.45, Northing=9173555.14, PitType=nan"
d23000bd-8733-476e-8126-7f4b23da62c2,597f54cb-cb58-4fa0-9625-11b671e6535a,PIT-1597,Pit,,,-14.528983,132.391633,Active,"Easting=218778.79, Northing=9173360.33, PitType=nan"
d514d2d6-a162-4db8-a660-c2d3899f9a91,597f54cb-cb58-4fa0-9625-11b671e6535a,PIT-1598,Pit,,,-14.529933,132.39082200000001,Active,"Easting=218692.49, Northing=9173303.87, PitType=nan"
b11b4c58-4ceb-4836-84ce-d7a3229aac2b,597f54cb-cb58-4fa0-9625-11b671e6535a,PIT-1599,Pit,,,-14.530708,132.390336,Active,"Easting=218641.03, Northing=9173257.81, PitType=nan"
70a0f83f-d52f-4325-96f4-3ca104de849b,597f54cb-cb58-4fa0-9625-11b671e6535a,PIT-1600,Pit,,,-14.531214,132.390031,Active,"Easting=218608.71, Northing=9173227.77, PitType=nan"
8781031b-af7b-4aa1-afb7-2f3505842a83,597f54cb-cb58-4fa0-9625-11b671e6535a,PIT-1601,Pit,,,-14.531317,132.390275,Active,"Easting=218635.21, Northing=9173221.66, PitType=nan"
ebedbd9e-d625-4faa-ac49-ebd255444985,597f54cb-cb58-4fa0-9625-11b671e6535a,PIT-1622,Pit,,,-14.5233,132.391328,Active,"Easting=218738.63, Northing=9173698.1, PitType=nan"
948e938b-dc71-42a3-ab34-f500b3cffa17,597f54cb-cb58-4fa0-9625-11b671e6535a,PIT-1623,Pit,,,-14.523144,132.391389,Active,"Easting=218745.03, Northing=9173707.35, PitType=nan"
1192fa3c-f5da-42de-a702-79161b24f3da,597f54cb-cb58-4fa0-9625-11b671e6535a,PIT-1624,Pit,,,-14.523375,132.391525,Active,"Easting=218760.01, Northing=9173693.65, PitType=nan"
3536f9db-2995-4f71-87e0-83df328073f3,597f54cb-cb58-4fa0-9625-11b671e6535a,PIT-1625,Pit,,,-14.522044,132.390367,Active,"Easting=218633.36, Northing=9173772.73, PitType=nan"
db4251fa-123b-4fe7-b853-fa095b768058,597f54cb-cb58-4fa0-9625-11b671e6535a,PIT-1627,Pit,,,-14.525289,132.393158,Active,"Easting=218938.63, Northing=9173579.89, PitType=nan"
4df6923c-93c1-40f3-b057-9592ed183a78,597f54cb-cb58-4fa0-9625-11b671e6535a,PIT-1630,Pit,,,-14.524375,132.394028,Active,"Easting=219031.28, Northing=9173634.19, PitType=nan"
f6c4b54a-fcd4-46e4-9939-97b820c12d9c,597f54cb-cb58-4fa0-9625-11b671e6535a,PIT-1631,Pit,,,-14.523719,132.393831,Active,"Easting=219009.17, Northing=9173673.16, PitType=nan"
5d9088e3-5285-4ef8-8071-160e4e5ed730,597f54cb-cb58-4fa0-9625-11b671e6535a,PIT-1632,Pit,,,-14.523372,132.393386,Active,"Easting=218960.78, Northing=9173693.8, PitType=nan"
ca428d04-eaf9-4844-8a84-ab4934942b88,597f54cb-cb58-4fa0-9625-11b671e6535a,PIT-1633,Pit,,,-14.523417,132.39325,Active,"Easting=218946.16, Northing=9173691.16, PitType=nan"
52287b56-81bd-4fe7-ac5f-86bb6751c9ab,597f54cb-cb58-4fa0-9625-11b671e6535a,PIT-1635,Pit,,,-14.523122,132.391372,Active,"Easting=218743.2, Northing=9173708.67, PitType=nan"
b3453c78-ab1a-44ce-ad23-1541fccce34f,597f54cb-cb58-4fa0-9625-11b671e6535a,PIT-1645,Pit,,,,,Active,"Easting=nan, Northing=nan, PitType=nan"
8bc720fa-4eae-43ba-8715-3f87910eade8,597f54cb-cb58-4fa0-9625-11b671e6535a,PIT-1646,Pit,,,,,Active,"Easting=nan, Northing=nan, PitType=nan"
5baf694a-3fc9-4e6b-aa12-22ce8157200b,597f54cb-cb58-4fa0-9625-11b671e6535a,PIT-1647,Pit,,,,,Active,"Easting=nan, Northing=nan, PitType=nan"
b7c25e88-a775-4dbc-8480-82cfd02d00ce,597f54cb-cb58-4fa0-9625-11b671e6535a,PIT-1648,Pit,,,,,Active,"Easting=nan, Northing=nan, PitType=nan"
b40f941f-fe28-46c2-922d-d34c23fdcba3,597f54cb-cb58-4fa0-9625-11b671e6535a,PIT-1649,Pit,,,-14.533183,132.402497,Active,"Easting=219956.08, Northing=9173110.62, PitType=nan"
4f804e96-7881-4356-bd22-a25f42e187a4,597f54cb-cb58-4fa0-9625-11b671e6535a,PIT-1650,Pit,,,,,Active,"Easting=nan, Northing=nan, PitType=nan"
f974d28f-90cd-4392-8efe-cf6e8b4ebc9f,597f54cb-cb58-4fa0-9625-11b671e6535a,PIT-1761,Pit,,,,,Active,"Easting=nan, Northing=nan, PitType=nan"
0c96d614-30f0-428d-ade5-19b601a42c3b,597f54cb-cb58-4fa0-9625-11b671e6535a,PIT-1786,Pit,,,,,Active,"Easting=nan, Northing=nan, PitType=nan"
a47d95fc-3ca4-4635-b79f-49a696c12af7,597f54cb-cb58-4fa0-9625-11b671e6535a,PIT-1787,Pit,,,-14.524575,132.399125,Active,"Easting=219581.43, Northing=9173622.27, PitType=nan"
d0c54e5a-fd5a-4409-a1de-e02345633fd8,597f54cb-cb58-4fa0-9625-11b671e6535a,PIT-1788,Pit,,,-14.525361,132.399156,Active,"Easting=219585.72, Northing=9173575.55, PitType=nan"
cdb82fc9-d0dc-4689-82d1-32309f9a1e09,597f54cb-cb58-4fa0-9625-11b671e6535a,PIT-1789,Pit,,,-14.526172,132.399156,Active,"Easting=219586.74, Northing=9173527.34, PitType=nan"
83d376ac-7da6-406c-96d1-3302d2b4da73,597f54cb-cb58-4fa0-9625-11b671e6535a,PIT-1790,Pit,,,-14.526828,132.399078,Active,"Easting=219579.18, Northing=9173488.38, PitType=nan"
dadd7c35-8a2e-4208-8ab7-2e1ad1f8a8b7,597f54cb-cb58-4fa0-9625-11b671e6535a,PIT-1791,Pit,,,-14.527311,132.399033,Active,"Easting=219574.99, Northing=9173459.66, PitType=nan"
587f81e8-4370-467a-bf18-b775039f5070,597f54cb-cb58-4fa0-9625-11b671e6535a,PIT-1793,Pit,,,-14.524614,132.394867,Active,"Easting=219122.08, Northing=9173619.99, PitType=nan"
5642e4e8-d7f1-4da8-9408-46c04f9f4aa7,597f54cb-cb58-4fa0-9625-11b671e6535a,PIT-1794,Pit,,,-14.524608,132.395631,Active,"Easting=219204.48, Northing=9173620.32, PitType=nan"
701c8d6c-210f-4b26-8d25-49271bf1b45b,597f54cb-cb58-4fa0-9625-11b671e6535a,PIT-1809,Pit,,,-14.523461,132.400117,Active,"Easting=219687.01, Northing=9173688.46, PitType=nan"
66464026-0725-4eb7-9a9a-98613738218b,597f54cb-cb58-4fa0-9625-11b671e6535a,PIT-1953,Pit,,,-14.507131,132.395447,Active,"Easting=219162.64, Northing=9174658.97, PitType=nan"
1dbcccab-49c2-44f9-8c9e-318875d5328d,597f54cb-cb58-4fa0-9625-11b671e6535a,PIT-1956,Pit,,,-14.507883,132.394897,Active,"Easting=219104.25, Northing=9174614.24, PitType=nan"
fd15e778-589b-4807-884a-2d46304555fa,597f54cb-cb58-4fa0-9625-11b671e6535a,PIT-7071,Pit,,,-14.532089,132.398589,Active,"Easting=219533.08, Northing=9173175.7, PitType=nan"
223ef977-0341-444d-9866-b017616f011c,597f54cb-cb58-4fa0-9625-11b671e6535a,PIT-7074,Pit,,,-14.5253,132.397383,Active,"Easting=219394.45, Northing=9173579.19, PitType=nan"
e7bcbf66-c4a2-498d-b11a-107e6e906b9a,597f54cb-cb58-4fa0-9625-11b671e6535a,PIT-7075,Pit,,,-14.525586,132.3974,Active,"Easting=219396.61, Northing=9173562.19, PitType=nan"
2227857d-feab-45e7-88a7-9463f086776a,597f54cb-cb58-4fa0-9625-11b671e6535a,PIT-7076,Pit,,,-14.526128,132.397339,Active,"Easting=219390.7, Northing=9173530.0, PitType=nan"
39895309-ab74-4100-a911-f2e79dcab71a,597f54cb-cb58-4fa0-9625-11b671e6535a,PIT-7077,Pit,,,-14.526411,132.397339,Active,"Easting=219391.06, Northing=9173513.16, PitType=nan"
280ee67e-4139-44d6-a8c3-a89461eadf55,597f54cb-cb58-4fa0-9625-11b671e6535a,PIT-7078,Pit,,,,,Active,"Easting=nan, Northing=nan, PitType=nan"
b0790504-081e-4d0d-9962-419c740ec4e1,597f54cb-cb58-4fa0-9625-11b671e6535a,PIT-8505,Pit,,,-14.527878,132.396269,Active,"Easting=219277.54, Northing=9173426.0, PitType=nan"
810b79ef-710a-4765-ab27-48239df047a7,597f54cb-cb58-4fa0-9625-11b671e6535a,PIT-8506,Pit,,,-14.527878,132.396775,Active,"Easting=219332.08, Northing=9173425.99, PitType=nan"
05b8385b-09f7-477d-8960-ebdca56b88f2,597f54cb-cb58-4fa0-9625-11b671e6535a,PIT-8508,Pit,,,-14.528511,132.395736,Active,"Easting=219220.8, Northing=9173388.36, PitType=nan"
37c95874-d62d-4965-a0be-004dc14b008a,597f54cb-cb58-4fa0-9625-11b671e6535a,PIT-8511,Pit,,,-14.529486,132.394914,Active,"Easting=219133.33, Northing=9173330.42, PitType=nan"
7071a36f-aeee-4ab0-bcad-d9dfcc53c7c1,597f54cb-cb58-4fa0-9625-11b671e6535a,PIT-8512,Pit,,,-14.529708,132.395722,Active,"Easting=219220.82, Northing=9173317.21, PitType=nan"
0951d202-418c-4cf2-9957-a306341613ba,597f54cb-cb58-4fa0-9625-11b671e6535a,PIT-8513,Pit,,,-14.529656,132.396119,Active,"Easting=219263.6, Northing=9173320.34, PitType=nan"
12fed40b-b6ab-417b-9c60-f6b48d802ae5,597f54cb-cb58-4fa0-9625-11b671e6535a,PIT-8546,Pit,,,-14.530428,132.396958,Active,"Easting=219355.08, Northing=9173274.44, PitType=nan"
89b507c2-6416-486a-b03e-9bb59e8d4d88,597f54cb-cb58-4fa0-9625-11b671e6535a,PIT-8547,Pit,,,-14.530711,132.397278,Active,"Easting=219389.9, Northing=9173257.59, PitType=nan"
4bd1f304-5eb3-44f6-9474-d53cd69d1ef7,597f54cb-cb58-4fa0-9625-11b671e6535a,PIT-8548,Pit,,,,,Active,"Easting=nan, Northing=nan, PitType=nan"
fbf6ffdc-1dc2-46f4-a6ad-9c1d83b455fb,597f54cb-cb58-4fa0-9625-11b671e6535a,PIT-8572,Pit,,,-14.528125,132.397553,Active,"Easting=219416.3, Northing=9173411.3, PitType=nan"
6d41a377-24df-41c7-a749-544ce3a77df4,597f54cb-cb58-4fa0-9625-11b671e6535a,PIT-8573,Pit,,,-14.527764,132.397689,Active,"Easting=219430.53, Northing=9173432.76, PitType=nan"
b0e87549-e2af-487f-b8e5-4ba991ca9168,597f54cb-cb58-4fa0-9625-11b671e6535a,PIT-8574,Pit,,,-14.528161,132.397431,Active,"Easting=219403.16, Northing=9173409.15, PitType=nan"
b2f590e0-2ee4-4803-8483-ab467d72c80d,597f54cb-cb58-4fa0-9625-11b671e6535a,PIT-8575,Pit,,,-14.527697,132.397247,Active,"Easting=219382.79, Northing=9173436.72, PitType=nan"
91400c76-1d55-4186-aeea-fb8ad2614732,597f54cb-cb58-4fa0-9625-11b671e6535a,PIT-8577,Pit,,,-14.527225,132.397308,Active,"Easting=219388.79, Northing=9173464.79, PitType=nan"
cac912cf-0f8c-4467-ae46-af82346ff6e5,597f54cb-cb58-4fa0-9625-11b671e6535a,PIT-8578,Pit,,,-14.5269,132.397369,Active,"Easting=219394.97, Northing=9173484.1, PitType=nan"
c174c81b-4e07-402a-96d8-63ccada620f0,597f54cb-cb58-4fa0-9625-11b671e6535a,PIT-8581,Pit,,,-14.526889,132.397567,Active,"Easting=219416.24, Northing=9173484.76, PitType=nan"
d5d91e23-0f00-4878-8766-15277a690223,597f54cb-cb58-4fa0-9625-11b671e6535a,PIT-8582,Pit,,,-14.527025,132.397675,Active,"Easting=219428.09, Northing=9173476.67, PitType=nan"
2cb6756f-2804-439f-a42f-ef8782fe7638,597f54cb-cb58-4fa0-9625-11b671e6535a,PIT-8583,Pit,,,-14.526956,132.398378,Active,"Easting=219503.82, Northing=9173480.79, PitType=nan"
32440df0-73fb-4349-9bb8-b73e6e21b2b3,597f54cb-cb58-4fa0-9625-11b671e6535a,PIT-8597,Pit,,,-14.525944,132.399017,Active,"Easting=219571.47, Northing=9173540.88, PitType=nan"
512fa7f0-afe8-4e8b-a410-c111d0117f87,597f54cb-cb58-4fa0-9625-11b671e6535a,PIT-8598,Pit,,,-14.525422,132.399108,Active,"Easting=219580.7, Northing=9173571.92, PitType=nan"
1a1baf00-9a45-42dc-803b-2f7c815b5544,597f54cb-cb58-4fa0-9625-11b671e6535a,PIT-ILSS 033,Pit,,,-14.519281,132.382447,Active,"Easting=217775.46, Northing=9173937.05, PitType=nan"
47676734-7b99-426b-9ad8-ca0ecde664d7,597f54cb-cb58-4fa0-9625-11b671e6535a,PIT-ILSS 151,Pit,,,-14.531167,132.389983,Active,"Easting=218603.55, Northing=9173230.57, PitType=nan"
b5e2df82-6a77-41ca-b980-14f11fa947c7,597f54cb-cb58-4fa0-9625-11b671e6535a,PIT-ILSS165,Pit,,,,,Active,"Easting=nan, Northing=nan, PitType=nan"
2618888d-017d-4b52-9c01-b5522abf9add,597f54cb-cb58-4fa0-9625-11b671e6535a,PIT-ILSS167,Pit,,,,,Active,"Easting=nan, Northing=nan, PitType=nan"
cf22b169-9609-4546-ad65-9cc712b24f23,597f54cb-cb58-4fa0-9625-11b671e6535a,PIT-ILSS172,Pit,,,,,Active,"Easting=nan, Northing=nan, PitType=nan"
c832f8d0-b13c-4e49-be0c-d56537dbb966,597f54cb-cb58-4fa0-9625-11b671e6535a,PIT-ILSS 193,Pit,,,-14.507239,132.395247,Active,"Easting=219141.19, Northing=9174652.53, PitType=nan"
2f64a0f2-2f03-4419-b97a-687b103c5a81,597f54cb-cb58-4fa0-9625-11b671e6535a,PIT-ILSS 194,Pit,,,-14.508181,132.394883,Active,"Easting=219103.12, Northing=9174596.58, PitType=nan"
9730321d-47f1-43ce-a840-e723ac3d5462,597f54cb-cb58-4fa0-9625-11b671e6535a,TIN-460-G-5-01,Cabinet,C0460,,,,Active,DPN; Wall/Floor=nan; Compliant=YES; Replace=NO
267a5ffe-a261-4133-b596-de10cbc0ef5c,597f54cb-cb58-4fa0-9625-11b671e6535a,TIN-461-G-110-01,Cabinet,C0461,,,,Active,DPN; Wall/Floor=nan; Compliant=YES; Replace=NO
b2a69920-390d-427a-b9da-46ac17a4ec83,597f54cb-cb58-4fa0-9625-11b671e6535a,RAAF/TIN/505/01,Cabinet,D0505,,,,Active,DPN; Wall/Floor=nan; Compliant=NO; Replace=YES
81efcb48-78a3-457c-9dca-1316f593be2a,597f54cb-cb58-4fa0-9625-11b671e6535a,RAAF/TIN/519/01,Cabinet,D0519,,,,Active,DPN; Wall/Floor=WALL; Compliant=NO; Replace=YES
952b1a03-4fe5-406a-94d5-6f0964950180,597f54cb-cb58-4fa0-9625-11b671e6535a,RAAF/TIN/521/01,Cabinet,D0521,,,,Active,DPN; Wall/Floor=WALL; Compliant=NO; Replace=YES
772d00e2-be1b-4283-94bf-c13467292305,597f54cb-cb58-4fa0-9625-11b671e6535a,TIN-524-G-?-1,Cabinet,D0524,,,,Active,DPN; Wall/Floor=Floor; Compliant=YES; Replace=NO
0ba20589-5d6a-488b-8ad2-b2679f205aca,597f54cb-cb58-4fa0-9625-11b671e6535a,RAAF/TIN/532/01,Cabinet,D0532,,,,Active,DPN; Wall/Floor=Floor; Compliant=YES; Replace=NO
7e9f35d9-7d7b-4b74-b30d-4b8bdc1dd1d9,597f54cb-cb58-4fa0-9625-11b671e6535a,RAAF/TIN/540/01,Cabinet,D0540,,,,Active,DPN; Wall/Floor=WALL; Compliant=NO; Replace=YES
5a0ed3d8-db22-4423-8dbf-42687d9af6a7,597f54cb-cb58-4fa0-9625-11b671e6535a,RAAF/TIN/551/01,Cabinet,D0551,,,,Active,DPN; Wall/Floor=WALL; Compliant=nan; Replace=nan
9d8b11e7-9a8a-4db1-a219-d782221dd35e,597f54cb-cb58-4fa0-9625-11b671e6535a,RAAF/TIN/560/01,Cabinet,D0560,,,,Active,DPN; Wall/Floor=Floor; Compliant=NO; Replace=YES
b650f487-ff7b-4171-b27c-409595d8df4f,597f54cb-cb58-4fa0-9625-11b671e6535a,RAAF/TIN/611/01,Cabinet,D0611,,,,Active,DPN; Wall/Floor=WALL; Compliant=NO; Replace=YES
0ab9e3e4-f810-4a9d-8d0d-ee7ef66b1979,597f54cb-cb58-4fa0-9625-11b671e6535a,RAAF/TIN/621/01,Cabinet,D0621,,,,Active,DPN; Wall/Floor=WALL; Compliant=NO; Replace=YES
6f3bbae6-123e-4e5e-a562-f83e47fe6dae,597f54cb-cb58-4fa0-9625-11b671e6535a,RAAF/TIN/631/01,Cabinet,D0631,,,,Active,DPN; Wall/Floor=WALL; Compliant=NO; Replace=YES
c98ab841-c6dd-44ae-8e0d-78d3c6a9125e,597f54cb-cb58-4fa0-9625-11b671e6535a,RAAF/TIN/641/01,Cabinet,D0641,,,,Active,DPN; Wall/Floor=WALL; Compliant=NO; Replace=YES
62f94fab-22f1-4408-983e-2619764aef5e,597f54cb-cb58-4fa0-9625-11b671e6535a,RAAF/TIN/651/01,Cabinet,D0651,,,,Active,DPN; Wall/Floor=WALL; Compliant=NO; Replace=YES
ec1a3053-7f45-46ed-9ed9-1a866ace47c2,597f54cb-cb58-4fa0-9625-11b671e6535a,RAAF/TIN/661/01,Cabinet,D0661,,,,Active,DPN; Wall/Floor=WALL; Compliant=NO; Replace=YES
c634e33b-1df9-4c26-8694-bef2289d6d83,597f54cb-cb58-4fa0-9625-11b671e6535a,RAAF/TIN/671/01,Cabinet,D0671,,,,Active,DPN; Wall/Floor=WALL; Compliant=NO; Replace=YES
1d0f3742-52ac-43d4-9647-8e5187cde4fc,597f54cb-cb58-4fa0-9625-11b671e6535a,RAAF/TIN/681/01,Cabinet,D0681,,,,Active,DPN; Wall/Floor=WALL; Compliant=NO; Replace=YES
a03510c5-b6c5-4015-a92b-89b7a029fd5b,597f54cb-cb58-4fa0-9625-11b671e6535a,RAAF/TIN/691/01,Cabinet,D0691,,,,Active,DPN; Wall/Floor=WALL; Compliant=NO; Replace=YES
e6e58f08-f2fe-4923-ad6c-f25873f6bae3,597f54cb-cb58-4fa0-9625-11b671e6535a,RAAF/TIN/701/01,Cabinet,D0701,,,,Active,DPN; Wall/Floor=WALL; Compliant=NO; Replace=YES
f0ee2f6a-3527-4b6a-8375-fa74103d5485,597f54cb-cb58-4fa0-9625-11b671e6535a,RAAF/TIN/711/01,Cabinet,D0711,,,,Active,DPN; Wall/Floor=WALL; Compliant=NO; Replace=YES
046d8236-52e7-4a8f-af71-4d9a6c37d496,597f54cb-cb58-4fa0-9625-11b671e6535a,RAAF/TIN/721/01,Cabinet,D0721,,,,Active,DPN; Wall/Floor=WALL; Compliant=NO; Replace=YES
21c52cf9-3c72-498f-ad1c-33fa7ea95ac7,597f54cb-cb58-4fa0-9625-11b671e6535a,RAAF/TIN/1073/01,Cabinet,G1073,,,,Active,DPN; Wall/Floor=Floor; Compliant=NO; Replace=YES
83a67d93-a15f-4417-98e7-5cd7b09e18cb,597f54cb-cb58-4fa0-9625-11b671e6535a,C0460,Endpoint,C0460,,,,Active,"BuildingName=TANKER MAINTENANCE, NewEntryConduit=nan, Count=nan"
56cd2a7f-5be1-423a-ba5e-1cf439e4bced,597f54cb-cb58-4fa0-9625-11b671e6535a,C0461,Endpoint,C0461,,,,Active,"BuildingName=TANKER MAINTENANCE, NewEntryConduit=nan, Count=nan"
a6d878df-7b6e-4e41-8a67-dcd2e530883c,597f54cb-cb58-4fa0-9625-11b671e6535a,D0500,Endpoint,D0500,,,,Active,"BuildingName=75 SQN HQ NORTH, NewEntryConduit=Y, Count=1.0"
a40e45b6-8102-4af4-9546-7772e94378f0,597f54cb-cb58-4fa0-9625-11b671e6535a,D0502,Endpoint,D0502,,,,Active,"BuildingName=SIMULATOR, NewEntryConduit=nan, Count=nan"
5ba564e6-b651-487c-9044-e342305d4767,597f54cb-cb58-4fa0-9625-11b671e6535a,D0503,Endpoint,D0503,,,,Active,"BuildingName=AIRCRAFT LIFE SUPPORT WORKSHOP, NewEntryConduit=nan, Count=nan"
3f744d9f-eb31-4e04-a499-96364685a4b3,597f54cb-cb58-4fa0-9625-11b671e6535a,D0505,Endpoint,D0505,,,,Active,"BuildingName=FLIGHT LINE OFFICE/GSE SHELTER, NewEntryConduit=nan, Count=nan"
d7ba1d73-9f16-41ed-aa92-a51787765207,597f54cb-cb58-4fa0-9625-11b671e6535a,D0512,Endpoint,D0512,,,,Active,"BuildingName=QUALITY CONTROL LABORATORY (FUEL FARM 1), NewEntryConduit=nan, Count=nan"
da35c08c-564c-40df-8f6c-2720f9803ca8,597f54cb-cb58-4fa0-9625-11b671e6535a,D0519,Endpoint,D0519,,,,Active,"BuildingName=75 SQN HQ SOUTH, NewEntryConduit=nan, Count=nan"
92c7d6dc-c047-4d04-b89c-173dec2e24fa,597f54cb-cb58-4fa0-9625-11b671e6535a,D0521,Endpoint,D0521,,,,Active,"BuildingName=ENGINE MAINTENANCE WORKSHOP, NewEntryConduit=nan, Count=nan"
b68fa7af-6d71-4d62-ac2b-b1cdc86acff4,597f54cb-cb58-4fa0-9625-11b671e6535a,D0524,Endpoint,D0524,,,,Active,"BuildingName=MAINTENANCE HANGAR OFFICE NORTH, NewEntryConduit=nan, Count=nan"
e7fac0e2-9096-4b05-a415-a3a1299d7765,597f54cb-cb58-4fa0-9625-11b671e6535a,D0529,Endpoint,D0529,,,,Active,"BuildingName=AVIONICS OXYGEN WORKSHOP, NewEntryConduit=nan, Count=nan"
7be0a342-16c8-4d23-a602-8bc22bca6b35,597f54cb-cb58-4fa0-9625-11b671e6535a,D0530,Endpoint,D0530,,,,Active,"BuildingName=AVIONIC WORKSHOP, NewEntryConduit=nan, Count=nan"
1e5b991c-d6e7-49cb-a0f1-895356c97e3b,597f54cb-cb58-4fa0-9625-11b671e6535a,D0532,Endpoint,D0532,,,,Active,"BuildingName=TECHNICAL SUPPORT COMPLEX, NewEntryConduit=nan, Count=nan"
45886e30-e2de-4262-a715-473b4dc1201a,597f54cb-cb58-4fa0-9625-11b671e6535a,D0540,Endpoint,D0540,,,,Active,"BuildingName=ALTERNATICE MISSION EQUIPMENT STORE, NewEntryConduit=nan, Count=nan"
c6a80552-f343-4eb7-80ee-f745b5f609c4,597f54cb-cb58-4fa0-9625-11b671e6535a,D0542,Endpoint,D0542,,,,Active,"BuildingName=MAINTENANCE HANGAR OFFICE SOUTH, NewEntryConduit=nan, Count=nan"
5e17b1ad-5ce2-431c-88b0-1e44c4330d76,597f54cb-cb58-4fa0-9625-11b671e6535a,D0551,Endpoint,D0551,,,,Active,"BuildingName=COMPOSITE BONDING WORKSHOP, NewEntryConduit=nan, Count=nan"
46ad238d-d763-4d18-babd-fcc2689c7a34,597f54cb-cb58-4fa0-9625-11b671e6535a,D0553,Endpoint,D0553,,,,Active,"BuildingName=SURFIN WORKSHOP, NewEntryConduit=nan, Count=nan"
38b0ce39-0a54-4192-8c83-c21c32ca2bad,597f54cb-cb58-4fa0-9625-11b671e6535a,D0611,Endpoint,D0611,,,,Active,"BuildingName=ACOUSTIC SHELTER (NO.1), NewEntryConduit=nan, Count=nan"
7fb81306-485c-4581-8918-2f2931d3eef9,597f54cb-cb58-4fa0-9625-11b671e6535a,D0621,Endpoint,D0621,,,,Active,"BuildingName=ACOUSTIC SHELTER (NO.2), NewEntryConduit=nan, Count=nan"
82bdf42b-3379-45f2-8291-ff8e02aaf60a,597f54cb-cb58-4fa0-9625-11b671e6535a,D0631,Endpoint,D0631,,,,Active,"BuildingName=ACOUSTIC SHELTER (NO.3), NewEntryConduit=nan, Count=nan"
9754602b-70bd-4aa0-b9de-cc04e2bf01d1,597f54cb-cb58-4fa0-9625-11b671e6535a,D0641,Endpoint,D0641,,,,Active,"BuildingName=ACOUSTIC SHELTER (NO.4), NewEntryConduit=nan, Count=nan"
0b867471-5947-4a99-8a26-5c760a447eaa,597f54cb-cb58-4fa0-9625-11b671e6535a,D0651,Endpoint,D0651,,,,Active,"BuildingName=ACOUSTIC SHELTER (NO.5), NewEntryConduit=nan, Count=nan"
11b4c6bc-9277-4b54-9cb7-c403215cb29c,597f54cb-cb58-4fa0-9625-11b671e6535a,D0661,Endpoint,D0661,,,,Active,"BuildingName=ACOUSTIC SHELTER (NO.6), NewEntryConduit=nan, Count=nan"
9a3d7525-dee2-4b8a-a2ee-42adebab7d62,597f54cb-cb58-4fa0-9625-11b671e6535a,D0671,Endpoint,D0671,,,,Active,"BuildingName=ACOUSTIC SHELTER (NO.7), NewEntryConduit=nan, Count=nan"
67102cf4-4733-4674-9d32-73b2ff613d6a,597f54cb-cb58-4fa0-9625-11b671e6535a,D0681,Endpoint,D0681,,,,Active,"BuildingName=ACOUSTIC SHELTER (NO.8), NewEntryConduit=nan, Count=nan"
0ffb2074-f86f-4660-9abd-44a692f3824d,597f54cb-cb58-4fa0-9625-11b671e6535a,D0691,Endpoint,D0691,,,,Active,"BuildingName=ACOUSTIC SHELTER (NO.9), NewEntryConduit=nan, Count=nan"
6a37dfc7-c6e9-4d41-9c09-7859acc889ab,597f54cb-cb58-4fa0-9625-11b671e6535a,D0701,Endpoint,D0701,,,,Active,"BuildingName=ACOUSTIC SHELTER (NO.10), NewEntryConduit=nan, Count=nan"
69b56112-23f4-4263-8a05-9a408f213a43,597f54cb-cb58-4fa0-9625-11b671e6535a,D0711,Endpoint,D0711,,,,Active,"BuildingName=ACOUSTIC SHELTER (NO.11), NewEntryConduit=nan, Count=nan"
142919ae-3549-4731-8c99-6f8f9ce7f087,597f54cb-cb58-4fa0-9625-11b671e6535a,D0721,Endpoint,D0721,,,,Active,"BuildingName=ACOUSTIC SHELTER (NO.12), NewEntryConduit=nan, Count=nan"
04bdebe7-4ecb-47d0-a926-43068852131f,597f54cb-cb58-4fa0-9625-11b671e6535a,D1150,Endpoint,D1150,,,,Active,"BuildingName=nan, NewEntryConduit=nan, Count=nan"
554c430f-adc3-43b4-849f-7fbe2e74a40a,597f54cb-cb58-4fa0-9625-11b671e6535a,D1151,Endpoint,D1151,,,,Active,"BuildingName=nan, NewEntryConduit=nan, Count=nan"
a5183105-b2b3-473a-acb3-acee859fd27f,597f54cb-cb58-4fa0-9625-11b671e6535a,D1152,Endpoint,D1152,,,,Active,"BuildingName=nan, NewEntryConduit=nan, Count=nan"
6b14f107-a15e-4b47-9d12-cd8c47f8dabd,597f54cb-cb58-4fa0-9625-11b671e6535a,D1156,Endpoint,D1156,,,,Active,"BuildingName=nan, NewEntryConduit=nan, Count=nan"
3473160a-0053-4d32-88b7-c2fc3d860b77,597f54cb-cb58-4fa0-9625-11b671e6535a,D1158,Endpoint,D1158,,,,Active,"BuildingName=nan, NewEntryConduit=nan, Count=nan"
49876f3f-0219-45db-b207-25a82db3bcd7,597f54cb-cb58-4fa0-9625-11b671e6535a,E0800,Endpoint,E0800,,,,Active,"BuildingName=AIR TRAFFIC CONTROL TOWER (OLD), NewEntryConduit=nan, Count=nan"
cab5bafb-6d1c-462c-937a-4911bb6ba6ae,597f54cb-cb58-4fa0-9625-11b671e6535a,E0801,Endpoint,E0801,,,,Active,"BuildingName=APPROACH CONTROL SECTION BUILDING, NewEntryConduit=nan, Count=nan"
42dc7426-05b0-41a3-9780-e934cfdb7db1,597f54cb-cb58-4fa0-9625-11b671e6535a,E0802,Endpoint,E0802,,,,Active,"BuildingName=FIRE STATION, NewEntryConduit=nan, Count=nan"
49cfeaaa-5d58-4b53-a34f-cb4b9d9de8ad,597f54cb-cb58-4fa0-9625-11b671e6535a,E0812,Endpoint,E0812,,,,Active,"BuildingName=SEARCH AND RESCUE BUILDING / CHC AVIATION, NewEntryConduit=nan, Count=nan"
1c179366-9ec8-474c-81fb-40247ede0b61,597f54cb-cb58-4fa0-9625-11b671e6535a,E0816,Endpoint,E0816,,,,Active,"BuildingName=nan, NewEntryConduit=nan, Count=nan"
43e5e2c3-20a2-4444-8be1-80cc5bd78fe3,597f54cb-cb58-4fa0-9625-11b671e6535a,E1018,Endpoint,E1018,,,,Active,"BuildingName=MARITIME TECH BUILDING, NewEntryConduit=nan, Count=nan"
7c61d6f7-a29f-4e8b-b0b6-d36b9f19d70e,597f54cb-cb58-4fa0-9625-11b671e6535a,E1019,Endpoint,E1019,,,,Active,"BuildingName=MARITIME OPS BUILDING, NewEntryConduit=nan, Count=nan"
bfc6e320-05f7-44bc-b3a2-4c30f144dcf7,597f54cb-cb58-4fa0-9625-11b671e6535a,E1020,Endpoint,E1020,,,,Active,"BuildingName=EOA 37 CREWROOM, NewEntryConduit=nan, Count=nan"
5b71698c-1d63-4413-bfc8-ee56bafb47e7,597f54cb-cb58-4fa0-9625-11b671e6535a,E1022,Endpoint,E1022,,,,Active,"BuildingName=OLA 38 CREW ROOM, NewEntryConduit=nan, Count=nan"
a936225c-bd55-43eb-b07f-5592199041a1,597f54cb-cb58-4fa0-9625-11b671e6535a,E1038,Endpoint,E1038,,,,Active,"BuildingName=NEW APPROACH CONTROL SECTION, NewEntryConduit=nan, Count=nan"
3bf6929d-77a5-42b0-9bfc-3592238c8fec,597f54cb-cb58-4fa0-9625-11b671e6535a,I0560,Endpoint,I0560,,,,Active,"BuildingName=75SQN ORDNANCE PREP. OFFICE GSE BUILDING, NewEntryConduit=nan, Count=nan"
